<?xml version="1.0" encoding="UTF-8" ?>
<!DOCTYPE mapper
        PUBLIC "-//mybatis.org//DTD Mapper 3.0//EN"
        "http://mybatis.org/dtd/mybatis-3-mapper.dtd">

<mapper namespace="com.t4er.point.mapper.ProductMapper">
    <select id="getProductTotalCount" resultType="int" parameterType="ProductPaging">
        select count(*) cnt from product
        <if test="findKeyword != null and findKeyword !=''">
            <include refid="findWhere" />
        </if>
    </select>

    <select id="getProdByCateTotalCount" resultType="int" parameterType="ProductPaging">
        select count(*) cnt from product
        <if test="cgnum != null and (findKeyword ==null or findKeyword=='')">
            <where>
                cg_num=#{cgnum}
            </where>
        </if>
        <if test="findKeyword != null and findKeyword !=''">
            <include refid="findWhere" />
            <if test="cgnum != null">
                and cg_num=#{cgnum}
            </if>
        </if>
    </select>

    <!-- 페이징 처리후 상품보여줌 -->
    <select id="getProdList" resultType="Product" parameterType="ProductPaging">
        select * from(
        select product.*, row_number() over(order by pnum desc) rn from product
        <include refid="findWhere"/>
        )
        <![CDATA[
	where rn > #{start} and rn < #{end}
	]]>
    </select>

    <select id="getCategory" resultType="ProductCategory">
		select * from
		product_category order by 1 asc
	</select>

    <select id="selectByCategory" resultType="Product" parameterType="ProductPaging">
        select * from(
        select product.*, row_number() over(order by pnum desc) rn from product
        <if test="cgnum != null and (findKeyword ==null or findKeyword=='')">
            <where>
                cg_num=#{cgnum}
            </where>
        </if>
        <if test="findKeyword != null and findKeyword !=''">
            <include refid="findWhere"/>
            <if test="cgnum != null">
                and cg_num=#{cgnum}
            </if>
        </if>
        )
        <![CDATA[
	where rn > #{start} and rn < #{end}
	]]>
    </select>

    <select id="selectByPnum" resultType="Product" parameterType="int">
        select * from product where pnum=#{pnum}
    </select>

    <sql id="product_column">
		pnum, pname, pcontent, price,
		nvl(pimage, 'noimage.png') pimage,
		nvl(pimage2, 'noimage.png') pimage2,
		nvl(pimage3, 'noimage.png') pimage3,
		cg_num
	</sql>

    <select id="getFindTotalCount" resultType="int">
        select count(pnum) from product
        <include refid="findWhere"/>
    </select>

    <sql id="findWhere">
        <if test="findKeyword != null">
            <where>
                pname like '%'||#{findKeyword}||'%'
            </where>
        </if>
    </sql>


    <select id="getFindList" resultType="Product" parameterType="ProductPaging">
        select * from(
        select a.*,row_number() over(order by pnum desc) rn from
        product a
        <include refid="findWhere"/>
        )
        where rn between #{start,jdbcType=NUMBERIC} and #{end}
    </select>


    <!-- 여기부터 admin입니다 -->
    <!-- 상품등록 -->
    <insert id="insertProd" parameterType="Product">
        <selectKey keyProperty="pnum" resultType="String" order="BEFORE">
            select product_seq.nextval from dual
        </selectKey>
        insert into product(pnum, pname, pcontent, price, pimage, pimage2, pimage3, cg_num)
        values(#{pnum}, #{pname}, #{pcontent},#{price}, #{pimage:VARCHAR}, #{pimage2:VARCHAR}, #{pimage3:VARCHAR}, #{cg_num})
    </insert>

    <select id="getProd" parameterType="int" resultType="Product">
   		select * from product where pnum = #{pnum,jdbcType=NUMERIC}
   </select>

    <!-- 주문 정보 가져오기 -->
    <!-- <select id=" listOrder" resultType="Order" parameterType="APaging">
		select * from (
		select m.*, row_number() over(order by onum desc) rn
		from orderdesc m
		<include refid="findWhere"/>
		)
		<![CDATA[
   		where rn > #{start} and rn < #{end}
   		]]>

	</select>
	 -->

</mapper>