<?xml version="1.0" encoding="UTF-8"?>
<!DOCTYPE mapper
        PUBLIC "-//mybatis.org//DTD Mapper 3.0//EN"
        "http://mybatis.org/dtd/mybatis-3-mapper.dtd">

<mapper namespace="com.t4er.user.mapper.UserMapper">

	<insert id="createUser" parameterType="User">
	insert into member(idx, id, pwd, email, nick, tel, image, stat, indate ,point)
	values(member_seq.nextval, #{id}, #{pwd}, #{email}, #{nick}, #{tel}, null , 0 ,sysdate, 0)
	</insert>

    <select id="idCheck" parameterType="string" resultType="int">
   		select idx from member where id = #{id}
   </select>

	<select id="emailCheck" parameterType="string" resultType="int">
   		select idx from member where email = #{email}
   </select>

	<select id="nickCheck" parameterType="string" resultType="int">
   		select idx from member where nick = #{nick}
   </select>

	<select id="telCheck" parameterType="string" resultType="int">
   		select idx from member where tel = #{tel}
   </select>

    <select id="loginCheck" resultType="User" parameterType="hashmap">
		select * from member where id=#{id} and pwd=#{pwd}
	</select>

	<update id="statAlter" parameterType="String">
	    update member set stat=1
		where id=#{id}
	</update>

	<!-- 아이디 찾기 -->
	<select id="searchId" resultType="String">
		select id from member
        where nick = #{nick} and email = #{email}
	</select>

	<!-- 회원 임시 비밀번호 발급-->
	<update id="searchPwd" parameterType="hashmap">
		update member set pwd = #{param3} where id = #{param1} and email = #{param2}
	</update>

	<!-- 회원 상태 조회 -->
    <select id="checkState" resultType="String" parameterType="String">
    	select stat from member where id=#{id}
   </select>

    <!-- 아이디로 회원정보 가져오기 -->
    <select id="findUser" parameterType="User" resultType="User">
   		select * from member where id=#{id}
   </select>

	<!-- admin -->
	<!-- 전체 회원수 가져오기 -->
	<select id="getUserCount" resultType="int"  parameterType="AdminPaging">
		select count(idx) from member
		<include refid="findWhere"/>
	</select>

	<sql id="findWhere">
		<if test="findType != null and findKeyword !=''">
			<where>
				<if test="findType ==1">
					nick like '%'||#{findKeyword}||'%'
				</if>
				<if test="findType ==2">
					id like '%'||#{findKeyword}||'%'
				</if>
				<if test="findType ==3">
					tel like '%'||#{findKeyword}||'%'
				</if>
			</where>
		</if>
	</sql>

	<!-- 회원 목록 가져오기 -->
	<select id="listUser" resultType="User" parameterType="AdminPaging">
		select * from (
		select m.*, row_number() over(order by idx desc) rn
		from member m
		<include refid="findWhere"/>
		)
		<![CDATA[
   		where rn > #{start} and rn < #{end}
   		]]>

	</select>
	<!-- 유저 삭제 -->
	<delete id="deleteUser" parameterType="int">
 		delete from member where idx=#{idx}
 	</delete>

	<select id="getUser" parameterType="int" resultType="User">
   		select * from member where idx = #{idx,jdbcType=NUMERIC}
   </select>

	<!-- 유저 정보 수정 --> <!-- 회원상태와 기타 추가 -->
	<update id="updateUser" parameterType="User">
		update member set
		email=#{email,jdbcType=VARCHAR} , nick=#{nick,jdbcType=VARCHAR}, tel=#{tel,jdbcType=VARCHAR}, stat=#{stat,jdbcType=NUMERIC}, image = #{image:VARCHAR}
		<if test="adminCheck == 1 and (pwd != null and pwd != '')">
			,pwd=#{pwd,jdbcType=VARCHAR}
		</if>
		<if test="adminCheck == 9 or adminCheck == 8">
		,point=#{point,jdbcType=NUMERIC}
		</if>
		where idx=#{idx,jdbcType=NUMERIC}
	</update>

    <!-- my mypage-->
	<!-- 마이페이지에서 내정보 불러올때 -->
	<select id="selectMy" resultType="User" parameterType="int">
		select * from member where idx=#{idx,jdbcType=NUMERIC}
	</select>

	<!-- 내정보 수정에서 비밀번호 재확인 -->
	<select id="checkPwd" resultType="User" parameterType="int">
		select * from member where idx=#{idx,jdbcType=NUMERIC}
	</select>

	<!-- 유저 탈퇴 처리 -->
	<update id="leaveMember" parameterType="int">
		update member set stat=4
		where idx=#{idx}
	</update>

	<!--아이디로 회원번호 조회  -->
	<select id="findIdx" resultType="int" parameterType="String">
		select idx from member where id=#{id,jdbcType=VARCHAR}
	</select>
</mapper>