{
  "response": {
    "header": {
      "resultCode": "0000",
      "resultMsg": "OK"
    },
    "body": {
      "items": {
        "item": {
          "addr1": "서울특별시 종로구 사직로 161",
          "addr2": "(세종로)",
          "areacode": 1,
          "booktour": 1,
          "cat1": "A02",
          "cat2": "A0201",
          "cat3": "A02010100",
          "contentid": 126508,
          "contenttypeid": 12,
          "createdtime": 20031230000000,
          "firstimage": "http:\/\/tong.visitkorea.or.kr\/cms\/resource\/23\/2678623_image2_1.jpg",
          "firstimage2": "http:\/\/tong.visitkorea.or.kr\/cms\/resource\/23\/2678623_image3_1.jpg",
          "homepage": "경복궁 <a href=\"http:\/\/www.royalpalace.go.kr\/\" target=\"_blank\" title=\"새창 : 경복궁 홈페이지로 이동\">http:\/\/www.royalpalace.go.kr<\/a><br \/>\n궁궐길라잡이 <a href=\"http:\/\/www.palaceguide.or.kr\/\" target=\"_blank\" title=\"새창 : 궁궐길라잡이 홈페이지로 이동\">http:\/\/www.palaceguide.or.kr<\/a><br \/>한국의재발견 <a href=\"http:\/\/www.rekor.or.kr\/\" target=\"_blank\" title=\"새창 : 한국의재발견 홈페이지로 이동\">http:\/\/www.rekor.or.kr<\/a>",
          "mapx": 126.9769930325,
          "mapy": 37.5788222356,
          "mlevel": 6,
          "modifiedtime": 20201228152135,
          "overview": "경복궁은 1395년 태조 이성계에 의해서 새로운 조선왕조의 법궁으로 지어졌다. 경복궁은 동궐(창덕궁)이나 서궐(경희궁)에 비해 위치가 북쪽에 있어 '북궐'이라 불리기도 했다. 경복궁(사적 제117호)은 5대 궁궐 가운데 으뜸의 규모와 건축미를 자랑한다. 경복궁 근정전에서 즉위식을 가진 왕들을 보면 제2대 정종, 제4대 세종, 제6대 단종, 제7대 세조, 제9대 성종, 제11대 중종, 제13대 명종 등이다. 경복궁은 임진왜란 때 상당수의 건물이 불타 없어진 아픔을 갖고 있으며, 고종 때에 흥선대원군의 주도 아래 7,700여칸에 이르는 건물들을 다시 세웠다. 그러나 또 다시 명성황후 시해사건이 일어나면서 왕조의 몰락과 함께 경복궁도 왕궁으로서의 기능을 상실하고 말았다. 경복궁에는 조선시대의 대표적인 건축물인 경회루와 향원정의 연못이 원형대로 남아 있으며, 근정전의 월대와 조각상들은 당시의 조각미술을 대표한다. 현재 흥례문 밖 서편에는 국립고궁 박물관이 위치하고 있고, 경복궁 내 향원정의 동편에는 국립민속 박물관이 위치하고 있다.<br \/><br \/>* 주요문화재 <br \/>1) 경복궁(사적 제117호)<br \/>2) 경복궁 근정전(국보 제223호)<br \/>3) 경복궁 경회루(국보 제224호)<br \/>4) 경복궁 자경전(보물 제809호)<br \/>5) 경복궁 자경전 십장생 굴뚝(보물 제810호)<br \/>6) 경복궁 아미산굴뚝 (보물 제811호)<br \/>7) 경복궁 근정문 및 행각(보물 제812호)<br \/>8) 경복궁 풍기대(보물 제847호)<br>",
          "sigungucode": 23,
          "title": "경복궁",
          "zipcode": "03045"
        }
      },
      "numOfRows": 10,
      "pageNo": 1,
      "totalCount": 1
    }
  }
}


