{
  "response": {
    "header": {
      "resultCode": "0000",
      "resultMsg": "OK"
    },
    "body": {
      "items": {
        "item": {
          "contentid": 2552251,
          "originimgurl": "http:\/\/tong.visitkorea.or.kr\/cms\/resource\/44\/2552244_image2_1.jpg",
          "serialnum": "2552244_1",
          "smallimageurl": "http:\/\/tong.visitkorea.or.kr\/cms\/resource\/44\/2552244_image2_1.jpg"
        }
      },
      "numOfRows": 50,
      "pageNo": 1,
      "totalCount": 1
    }
  }
}