{
  "response": {
    "header": {
      "resultCode": "0000",
      "resultMsg": "OK"
    },
    "body": {
      "items": {
        "item": [
          {
            "addr1": "강원도 강릉시 경포로 365",
            "addr2": "(저동)",
            "areacode": 32,
            "booktour": 0,
            "cat1": "A02",
            "cat2": "A0201",
            "cat3": "A02010700",
            "contentid": 125790,
            "contenttypeid": 12,
            "createdtime": 20040203000000,
            "firstimage": "http:\/\/tong.visitkorea.or.kr\/cms\/resource\/86\/2596286_image2_1.jpg",
            "firstimage2": "http:\/\/tong.visitkorea.or.kr\/cms\/resource\/86\/2596286_image3_1.jpg",
            "mapx": 128.8965126086,
            "mapy": 37.7955691591,
            "mlevel": 6,
            "modifiedtime": 20210112141951,
            "readcount": 88977,
            "sigungucode": 1,
            "title": "강릉 경포대"
          },
          {
            "areacode": 32,
            "cat1": "C01",
            "cat2": "C0112",
            "cat3": "C01120001",
            "contentid": 1904557,
            "contenttypeid": 25,
            "createdtime": 20140311131403,
            "firstimage": "http:\/\/tong.visitkorea.or.kr\/cms\/resource\/33\/1185433_image2_1.jpg",
            "firstimage2": "http:\/\/tong.visitkorea.or.kr\/cms\/resource\/33\/1185433_image3_1.jpg",
            "mapx": 128.8850778068,
            "mapy": 37.7865588677,
            "mlevel": 6,
            "modifiedtime": 20170526143841,
            "readcount": 26559,
            "sigungucode": 1,
            "title": "강릉 경포로 떠나는 누정 시·문학 기행"
          },
          {
            "addr1": "강원도 강릉시 창해로 514",
            "addr2": "(안현동)",
            "areacode": 32,
            "booktour": 0,
            "cat1": "A01",
            "cat2": "A0101",
            "cat3": "A01011200",
            "contentid": 128758,
            "contenttypeid": 12,
            "createdtime": 20060124000000,
            "firstimage": "http:\/\/tong.visitkorea.or.kr\/cms\/resource\/22\/2671422_image2_1.jpg",
            "firstimage2": "http:\/\/tong.visitkorea.or.kr\/cms\/resource\/22\/2671422_image3_1.jpg",
            "mapx": 128.9074446419,
            "mapy": "37.8057293080",
            "mlevel": 6,
            "modifiedtime": 20210217141706,
            "readcount": 71273,
            "sigungucode": 1,
            "title": "강릉 경포해수욕장"
          },
          {
            "addr1": "강원도 강릉시 사천면 구라미등길 25-15",
            "addr2": "(사천면)",
            "areacode": 32,
            "booktour": 0,
            "cat1": "A02",
            "cat2": "A0202",
            "cat3": "A02020300",
            "contentid": 127954,
            "contenttypeid": 12,
            "createdtime": 20031106000000,
            "firstimage": "http:\/\/tong.visitkorea.or.kr\/cms\/resource\/06\/506606_image2_1.JPG",
            "firstimage2": "http:\/\/tong.visitkorea.or.kr\/cms\/resource\/06\/506606_image3_1.JPG",
            "mapx": 128.8396384718,
            "mapy": 37.8435513841,
            "mlevel": 6,
            "modifiedtime": 20201207145636,
            "readcount": 26520,
            "sigungucode": 1,
            "title": "강릉 구라미온천"
          },
          {
            "addr1": "강원도 강릉시 구정면 학산리",
            "areacode": 32,
            "booktour": 0,
            "cat1": "A02",
            "cat2": "A0201",
            "cat3": "A02010700",
            "contentid": 125769,
            "contenttypeid": 12,
            "createdtime": 20021127000000,
            "firstimage": "http:\/\/tong.visitkorea.or.kr\/cms\/resource\/80\/179780_image2_1.jpg",
            "firstimage2": "http:\/\/tong.visitkorea.or.kr\/cms\/resource\/80\/179780_image3_1.jpg",
            "mapx": 128.8918046506,
            "mapy": 37.7072681694,
            "mlevel": 6,
            "modifiedtime": 20210125154810,
            "readcount": 29164,
            "sigungucode": 1,
            "title": "강릉 굴산사지"
          },
          {
            "addr1": "강원도 강릉시 유산로 60",
            "addr2": "(유산동)",
            "areacode": 32,
            "cat1": "A04",
            "cat2": "A0401",
            "cat3": "A04010200",
            "contentid": 1756581,
            "contenttypeid": 38,
            "createdtime": 20121123140524,
            "firstimage": "http:\/\/tong.visitkorea.or.kr\/cms\/resource\/60\/1947760_image2_1.jpg",
            "firstimage2": "http:\/\/tong.visitkorea.or.kr\/cms\/resource\/60\/1947760_image3_1.jpg",
            "mapx": 128.9182791371,
            "mapy": 37.7366791739,
            "mlevel": 6,
            "modifiedtime": 20200624174625,
            "readcount": 8618,
            "sigungucode": 1,
            "tel": "033-646-4654",
            "title": "강릉 농산물도매시장"
          },
          {
            "addr1": "강원도 강릉시 단오장길 1",
            "areacode": 32,
            "cat1": "A02",
            "cat2": "A0207",
            "cat3": "A02070200",
            "contentid": 531391,
            "contenttypeid": 15,
            "createdtime": 20080414154012,
            "firstimage": "http:\/\/tong.visitkorea.or.kr\/cms\/resource\/95\/2543695_image2_1.jpg",
            "firstimage2": "http:\/\/tong.visitkorea.or.kr\/cms\/resource\/95\/2543695_image2_1.jpg",
            "mapx": 128.8950169869,
            "mapy": 37.7482134974,
            "mlevel": 6,
            "modifiedtime": 20200521155909,
            "readcount": 143108,
            "sigungucode": 1,
            "tel": "033-641-1593",
            "title": "강릉 단오제 2020"
          },
          {
            "addr1": "강원도 강릉시 성산면 보광리",
            "areacode": 32,
            "booktour": 0,
            "cat1": "A02",
            "cat2": "A0201",
            "cat3": "A02010200",
            "contentid": 126897,
            "contenttypeid": 12,
            "createdtime": 20021129000000,
            "mapx": 128.7582269095,
            "mapy": 37.7360428019,
            "mlevel": 6,
            "modifiedtime": 20200219135337,
            "readcount": 23939,
            "sigungucode": 1,
            "title": "강릉 대공산성"
          },
          {
            "addr1": "강원도 강릉시 왕산면 용수길 11",
            "areacode": 32,
            "booktour": 0,
            "cat1": "A02",
            "cat2": "A0203",
            "cat3": "A02030100",
            "contentid": 128293,
            "contenttypeid": 12,
            "createdtime": 20050308000000,
            "firstimage": "http:\/\/tong.visitkorea.or.kr\/cms\/resource\/50\/2050650_image2_1.jpg",
            "firstimage2": "http:\/\/tong.visitkorea.or.kr\/cms\/resource\/50\/2050650_image3_1.jpg",
            "mapx": 128.7785935029,
            "mapy": 37.5878658813,
            "mlevel": 6,
            "modifiedtime": 20201221172547,
            "readcount": 22074,
            "sigungucode": 1,
            "title": "강릉 대기리마을"
          },
          {
            "addr1": "강원도 강릉시 임영로131번길 6",
            "addr2": "(용강동)",
            "areacode": 32,
            "booktour": 0,
            "cat1": "A02",
            "cat2": "A0201",
            "cat3": "A02010700",
            "contentid": 2605187,
            "contenttypeid": 12,
            "createdtime": 20190604132115,
            "firstimage": "http:\/\/tong.visitkorea.or.kr\/cms\/resource\/69\/2368669_image2_1.jpg",
            "firstimage2": "http:\/\/tong.visitkorea.or.kr\/cms\/resource\/69\/2368669_image3_1.jpg",
            "mapx": 128.8921226461,
            "mapy": 37.7532767444,
            "mlevel": 6,
            "modifiedtime": 20201217092638,
            "readcount": 0,
            "sigungucode": 1,
            "title": "강릉 대도호부 관아"
          }
        ]
      },
      "numOfRows": 10,
      "pageNo": 1,
      "totalCount": 93
    }
  }
}