<?xml version="1.0" encoding="UTF-8" ?>
<!DOCTYPE configuration
        PUBLIC "-//mybatis.org//DTD Config 3.0//EN"
        "http://mybatis.org/dtd/mybatis-3-config.dtd">
<configuration>
    <!-- 타입 별칭 설정============================  -->
    <typeAliases>
        <typeAlias type="com.t4er.board.model.BoardVO" alias="Board"/>
        <typeAlias type="com.t4er.board.model.BoardCategoryVO" alias="BoardCategory"/>
        <typeAlias type="com.t4er.board.model.BoardPagingVO" alias="BoardPaging"/>
        <typeAlias type="com.t4er.user.model.UserVO" alias="User"/>
        <typeAlias type="com.t4er.point.model.PointVO" alias="Point"/>
        <typeAlias type="com.t4er.point.model.ProductVO" alias="Product"/>
        <typeAlias type="com.t4er.point.model.ProductCategoryVO" alias="ProductCategory" />
        <typeAlias type="com.t4er.point.model.ProductPagingVO" alias="ProductPaging" />
        <typeAlias type="com.t4er.point.model.PointPagingVO" alias="PointPaging" />
        <typeAlias type="com.t4er.review.model.ReviewVO" alias="Review" />
        <typeAlias type="com.t4er.review.model.ReviewPagingVO" alias="ReviewPaging"/>
        <typeAlias type="com.t4er.tour.model.TourVO" alias="Tour"/>
        <typeAlias type="com.t4er.admin.model.AdminPagingVO" alias="AdminPaging"/>
        <typeAlias type="com.t4er.point.model.OrderVO" alias="Order"/>
    </typeAliases>

    <!-- 매퍼 정의================================ -->
    <mappers>
        <mapper resource="spring/mapper/SampleMapper.xml"/>
        <mapper resource="spring/mapper/TourMapper.xml"/>
        <mapper resource="spring/mapper/ReviewMapper.xml"/>
        <mapper resource="spring/mapper/UserMapper.xml"/>
        <mapper resource="spring/mapper/BoardMapper.xml"/>
        <mapper resource="spring/mapper/ProductMapper.xml"/>
        <mapper resource="spring/mapper/PointMapper.xml"/>
        <mapper resource="spring/mapper/OrderMapper.xml"/>
    </mappers>
</configuration>
